contig	tag	mapped_to	chromosome	start	end	strand	cigar	nb_ins	nb_del	nb_splice	nb_snv	clipped_5p	clipped_3p	query_cover	alignment_identity	nb_hit	nb_mismatch	gene_id	gene_symbol	gene_biotype	gene_strand	as_gene_id	as_gene_symbol	as_gene_biotype	as_gene_strand	is_exonic	is_intronic	is_chimeric	is_circ	seg1_cj	seg2_cj	repeats	contaminations
AAAAAAAAAAAAAAAAAAAAAAAAACTCCCGTGCTGATCAGTA	AAAAAAAAAAAAAAAAAAAAAAAAACTCCCG	human	chr10	11086584	11086614	.	31M12S	0	0	0	0	0	12	0.7209302325581395	1.0	1	0	ENSG00000048740.19	CELF2	protein_coding	+	NA	NA	NA	NA	0	1	0	0	NA	NA	7SLRNA#SINE/Alu	NA
AAAAAAAAAAAAAAAAAAAAAAAGAGGGCTGACTTTCAGGGCATAGGCACTAGAAATGAAAAGGAAGGAGTGGAAACAAAATATGTCACACAGAAGAAGAGTAGGACATGAGAACTGAATGCCTGAATGCATGATAGAGGCCAGGGAGGCGGGTGTCCATGAGGACCAAGATTTTGAGCCTGGATGCTTTAAAGGATGATGATGCCATTAAGAGAATTAAGGGACATTTGGTGGCAAAGGCTGTCTTTCAAAACTGTTCATCTTGATGCTTATGCTGCTGACACACGGAGAAGACTCCAGAGAGGGAGCAAGGCCCACTGGTATGAGTCCCAGGCAGGAGCCCAGGCTGGGTTTTAATCTCAGTAGGATCAAGGTTTGGCTGATATAAGTAACTCACTTAAGTTTCTGTTGGGTACAGTAGAACGTCTCCATTCAGCAACGTGCAAGCATCATTTTAAATAACTGATTTCAAGTTTGCGTTCTGAGCACTATATCCAGGAAATGGGTCAGGGAAGAAAACCCACTCCTGAAGGAATGTGAATCTTTTGGGAAGCCTTTAGCTGCTGAATCAGAAAACCCACTGCAAAATTAATGACTTAAACAATAATAATAATCTCACACAGTGAGCCATGCAGGGGTAGGTGAGGCTTGAGGCCTGGCCCATCAGGAGTTGGCTCTGCTTCCTCTTGGTCCTCTTGGCTCCATCCTGGGTGCTTCTGGGAATCACATCCGCACCACACCATCCAGCACAAGAAGCACCAATTCTGCCTGGGTTTCTCTTCGTGCTAATATGGAATTATTTACCAGA	AAAAAAAAAAAAAAAAAAAAAAAGAGGGCTG	human	chr18	23937374	23938181	.	808M	0	0	0	1	0	0	1.0	0.9987623762376238	1	1	ENSG00000053747.17	LAMA3	protein_coding	+	NA	NA	NA	NA	0	1	0	0	NA	NA	NA	NA
AAAAAAAAAAAAAAAAAAAAAAATGGAAAGCAACTCATCTGACAGAAGTAGTTGCCAAGGAAACAGGTCCTTTATTGGAAGGAATATAAATTGTAGTCTGTTAGATCAGAGTTCAGTTGCAAATAACGGAATTTACTCTAGCTATTTAAAGCAAGAATAGGTTTATTTCGGGGCACTAAACTGACTACCTAAGTGTAGGAAGGATTGAGAAGACTGCCATTTGAGCTGTCAGTAATGACTTCAAAGCCACACAGCAGAGCCACACCGCTTAGGGAGCTGCTGCCTCTCCTGTGACCAGGAACTGCACTGCCACTCCCACAGTCTGAAAAACTGCTGTGATCAGGGTGCTACTTTTGCTACCAGCTGCAGACCCATGCATGCCACATCTGCTAGGATGCATAACAACATGGATGCTTGTACCTTGCCTCTTGGTGTTCACAAATCTAGTAGCTGGACACTAGAGCCATAATAAGATGACTACAAAGAACCCAGCTCCATACGTCCATATCTGCTTGCCAGGAGGCACAGAGCTCTGTTTCACTTCCTTCTTTCAAATCTCATGTAAATACTAATTGAACCCAAACCCCATTCAGAACGAAGCCTGCAGTGGAGTCTGTGACACATGGTCTTTCGCTTTCCTCAGCAGTGCAGGGAGACACACCAGAAGGTAGCTGTGTCACCCACATAGCTATCAAACATTTAGGCCAGCTGTATCAAAATGGGAAAAAGAAATAATTTTCTGAATAAAATCAGAGAATATTTCCTCTTCAAGGGTTCTTTGCAATCCATCAACTCCCAAATGGTTCACAGATAGAATTCAAAGAGTTCCTAGAGATGGCAAGGAATTAATTACATATATATTTTAACTAACTTCGGACTGAAATTTAGTATTTCTTTAAATTATGAGTGTGGGGAAGACACTGCACAGTAGTGTGAGCAGTAGCTGTGACTATCACAATAGAATTCATAAATACCTTTACATCTTATGGTGATCTCAAAATACCATTTATTCTGAACATCACTAATAGACTTTCTACTA	AAAAAAAAAAAAAAAAAAAAAAATGGAAAGC	human	chr18	31500035	31501073	.	1039M	0	0	0	0	0	0	1.0	1.0	1	0	ENSG00000046604.14	DSG2	protein_coding	+	NA	NA	NA	NA	0	1	0	0	NA	NA	Charlie4a#DNA/hAT-Charlie	NA
AAAAAAAAAAAAAAAAAAAAAACAAAGCAACTAAACTTAGAAGTTGTAGGCCTTTTGGAAATGACCACACACTGTGTAAAGATTTAAGTTCTGCAATGTTTGGTTTATGGCTCTAGTCCTTAAACAAAACATTAGAGCAAAAACCAAAAGCACAAAAGGACCCTTACAACTGCTTTTGGAATGCAGTGGCATAACATTTCCCCTTACTTTTATTAAAAAAAGAAAGATGCAATTTTCTTAGAAAGTCCTTGCTTTAAGTGTCAAACTTTACAGTCACTAAGGATCTAGGTGCTACTATTCTCCTGTCCAGGTGATGCTAGAAATGGAAAGAAGAGCTTCTGGAAGGGGGCTGGCTGCCTCAATCCTCCAGTGCCCCAGGCCTGACACTCTGTGGGTATACAATAGGCACTCCATAAAAGTCCCTTAAGAAGGTCCCTTAAATAAATGAATGATGATAAAAATGGATGCATACCAAGTGTACTGATTTTTTTTTAAATAATGTTCCATATGCTTTTACAATATGAAAAATACTTTTTCACTTATAATCCCCTTCGATCTTCCCAATGACCCAACAAGGTAGGGAATTGTTTGCCTATGGCTTATCTAAAGTTACTCAGAAAAATGATGGGATTTAACTTACTCTCCAGAGTTGGAGTTCTCTTTTATGTTGCCATGAACATTAAATGTGCTTAATATATGTTCATTTAGTGCAGTGGTGCTCAACTGGATGTAATTTTATCCCTCAGAGGACATTTAGTAATGTCTGGGCATATTTTTGGTTGTCACTCTAGGGCAGCTGGAGTAGTGTATTGCTATTAACATCTAGTGGGTGGAGGACAGGGCTGATGATCAATATCCTACAATGCACAGACCAGACACCCCCAGCCTACCTTACTACTTCAAAAAAAATTATCTGGCCCCAATTGTCAATAATATCCATGCCCAAACACTGGTCTAAACAACAAATGGGGCCTCGCATGGTCTCTCAAAAGTTTGTAATCCCAGCACTTCGGGAGGCTGA	AAAAAAAAAAAAAAAAAAAAAACAAAGCAAC	human	chr5	53003894	53004914	.	1021M	0	0	0	1	0	0	1.0	0.9990205680705191	1	1	ENSG00000164171.11	ITGA2	protein_coding	+	NA	NA	NA	NA	0	1	0	0	NA	NA	MER20#DNA/hAT-Charlie	NA
AAAAAAAAAAAAAAAAAAAAAGAACATTAGACAGTAACCTGAGAAATAAAGAACACTAATAAAGGAAAATATATAGGCAAATTTAAAAAAGGAATAGTAATGTTATTTTTGGCTTGTAACTCTTCTTTTTAAAATATGATTTAACAGATGGCTGCATAAAAATTATTACAAATACACACTGATGAGCACATAATGTATAAAGATATAATCTGTGACAATAACAAGATAAAGTGGTGGACAGAACTATATAAGAGCAAAGTTTTTATATATCATTGAAACTAAGTTGGTATTAAGTTAAACTAGATTGTTATAAATTAAGATGTTAATTGTAAACCACGGGGCAACCACTAAGAAAATACTATTTAAATTTGTACTAAAGGGAATTAAAATAATACACTAGAAAATATTTACTTAACATAAACAGGAGATTACTTTTAGATCCAATTACACAAATAGGTTGAAAATAGAAGGATAGAAAAGGATAACCCATGCAAACAGTAACCAACTGCAGTGGCTATATTAATATCGGATAAAACAGACTTTAAGACAAAAATTGTTATAAGGGACAAAGAAAAACCTTATATAATGATAAAAGAGTCAAACCATCAAGAAGATACAACAATTATAAGCATATATGAACCTAACAATAGAGCCCCAAATATATGAGGAAAAAAACTAACAAAATTGAGGGAGAAATAGCTCTACAATAATTGTTGGAGACAGCAATACTCCATTTTCAATAACAACAGAACAACTAAACAGAAGATCAACAAGAAAACAGAAGACTTAAAAAATACTATAAAGCAACTATACCTAACGGACATATACAGGACAGTTTACCCAACAGTAGCAGAAAGTGTATTCTTCTCAAGCACATGTGGAACATTCTTTAGGATACATATTAGGCCACAAAACAAGTCTTAATAAAT	AAAAAAAAAAAAAAAAAAAAAGAACATTAGA	human	chr7	99113843	99114771	.	929M	0	0	0	0	0	0	1.0	1.0	1	0	ENSG00000198742.10	SMURF1	protein_coding	-	NA	NA	NA	NA	0	1	0	0	NA	NA	L1M4_orf2#LINE/L1	NA
AAAAAAAAAAAAAAAAAAAAAGACAAAGTTAAATGCTAGCCAAATCACAATAACAATCATCAATAAGGTTTGAATACATATATATGCAGTCTTTCTTTAGAAATATCAGAATAATAACGTGATATTCCACAGAACTTCACATGAACACGATGTATTTTTACACCGAAACAAAATACGTGTCATATATGTTCAACTTAAATTTCTTCTGGCTATGTTTGTCTTAACATTTTTATACATGGCATATACACATGCATGAGTGTGAATGCATTCACACCAATGACTACAGAACTTGTAATAATGATTATAAACCAGGAAAAAAATTGTAAATTATGTAACTGAGGTACTATAGTTCTGTCATGAAATATAATCAAAATTTTTTTGCATGTAAGTTAACAAATGTCAATCTATAAAACCAGTAACAGGGATTAGGCATCTACTAGGAATTTCAAGACTAAAATAATCAATC	AAAAAAAAAAAAAAAAAAAAAGACAAAGTTA	human	chr6	45334448	45334912	.	1S465M	0	0	0	0	1	0	0.9978540772532188	1.0	1	0	ENSG00000124813.23	RUNX2	protein_coding	+	NA	NA	NA	NA	0	1	0	0	NA	NA	NA	NA
AAAAAAAAAAAAATTAATACAAAATTTTTAAAAAGGGCCATACTGCCTAAAGCAATTTATAGA	AAAAAAAAAAAAATTAATACAAAATTTTTAA	human	chr1	207349135	207349197	.	63M	0	0	0	0	0	0	1.0	1.0	1	0	ENSG00000196352.18	CD55	protein_coding	+	NA	NA	NA	NA	0	1	0	0	NA	NA	L1PREC2_orf2#LINE/L1	NA
AAAAAAAAAAAACCTTTTGGAGGGCAAAATTTTCCTAT	AAAAAAAAAAAACCTTTTGGAGGGCAAAATT	human	chr8	9723127	9723164	.	38M	0	0	0	0	0	0	1.0	1.0	1	0	ENSG00000173273.17	TNKS	protein_coding	+	NA	NA	NA	NA	0	1	0	0	NA	NA	NA	NA
AAAAAAAAAAAATCTAATAGATATTAAGTACTTGTACTGTCATGTATGGGTTGATGACAGAGATACATTCTGAGAAATGCATCATTACGTGATTTTGTCATTGTGCGAAAAATCATAAAGTACACTTACCTACTACCTAGGCTAGATGATAGTCTGTTGCTCCTAGGATACGAACCTGTATAGCATGCTACTGTACTGAA	AAAAAAAAAAAATCTAATAGATATTAAGTAC	human	chr7	83998114	83998312	.	1S199M	0	0	0	1	1	0	0.995	0.9949748743718593	1	1	ENSG00000075213.11	SEMA3A	protein_coding	-	NA	NA	NA	NA	0	1	0	0	NA	NA	Tigger3c#DNA/TcMar-Tigger	NA
AAAAAAAAAAAATGCACTGAGGGACCTGAAATTCAACTTTCTCAGGTTAACACCTTTTTGCTTTTCACGTGTGTATGAACATGAGAATGGTTTTTACAGTCTGATGGCAGATGTAAACATCTAAATGTCACCATGTATTTCCAGTTTCTGCAAGCCTTCATTCTGAATTCTC	AAAAAAAAAAAATGCACTGAGGGACCTGAAA	human	chr2	47097959	47098130	.	172M	0	0	0	0	0	0	1.0	1.0	1	0	ENSG00000239605.11	STPG4	protein_coding	-	NA	NA	NA	NA	0	1	0	0	NA	NA	NA	NA
AAAAAAAAAAAATGTGTTTACCCATTTTCCCTTTGGTATCCATGAATGCTACATGTTGATTGTTTTCCTAAGACAGTATCATGGGGAGTGGCTTCAAGATGTCTGACTAGATGCCTCTGGTCTTCTCCTCTTCCATGGAGAGAAACCAGATAGAAGACGGGTAGTACCTGAAG	AAAAAAAAAAAATGTGTTTACCCATTTTCCC	human	chr1	207339393	207347275	.	4S23M7714N146M	0	0	1	0	4	0	0.976878612716763	1.0	1	0	ENSG00000196352.18	CD55	protein_coding	+	NA	NA	NA	NA	1	1	0	0	NA	NA	L1M2_5end#LINE/L1	NA
AAAAAAAAAAAATTAACTTTTGTGTATCACAAGCATTAGAAACAAAATGTAAAGTTAATGTAGAAAAATTGCCTCAAGTGACAGAAAAAAATGTTTAAAGCCTGTAATATAGAAATTACTTACATAAATCTAAAGGGAAGGTCATTTATATCTCAATAGAAAAATTAGCCAAAGGAAAGATATAGAACCTGCACAGAAGAAATACATGCAGCCAAGTAGCTATAGGGGAAATGTTTAACTTACGGGTAATCAAACAAATGCAAAGTAAAATGAGATGTCAGTTTTCCTCTATGAAGTAACCCAGTGGGGACTGTGTTAAGAAAGATACATTTCTAAATTGCTGGGGGGAGTGTAGCTAGAAATAGCTTTTCTGTCACACAGTTTGAAGAGGCTTAACTATGTACAAATCTTTTGACCCAATAGGTCCACCTCTGGAAATCCAGCTTAAGGAGATCGTCAGAAATGCATCCCATATATATGCAAAGATATTCATTAATCATAAGTCAGAAAAATGTGAAAAAATTAAATACCCAGCAATAGAGGAAACAGTAAATTATAG	AAAAAAAAAAAATTAACTTTTGTGTATCACA	human	chr7	36211928	36212486	.	559M	0	0	0	0	0	0	1.0	1.0	1	0	ENSG00000122547.12	EEPD1	protein_coding	+	NA	NA	NA	NA	0	1	0	0	NA	NA	NA	NA
AAAAAAAAAAAATTATTTGAAAATAATGTATTTAATAAGCCAGATTGTTTGACCTATAGAATTTTCCATATTCTGGATTTTCCTAATTACATCCCTGAAGTGTTGTTTATCTCTGCAGGATACCCTTAATTTCTGGATGATCATGTGTTCCTGATGGTCA	AAAAAAAAAAAATTATTTGAAAATAATGTAT	human	chr18	21720342	21720501	.	160M	0	0	0	0	0	0	1.0	1.0	1	0	ENSG00000101752.13	MIB1	protein_coding	+	NA	NA	NA	NA	0	1	0	0	NA	NA	NA	NA
AAAAAAAAAAAATTCAGGCTGGTTTTTGGAAAAAAA	AAAAAAAAAAAATTCAGGCTGGTTTTTGGAA	human	chr6	1981230	1981265	.	36M	0	0	0	0	0	0	1.0	1.0	1	0	ENSG00000112699.11	GMDS	protein_coding	-	NA	NA	NA	NA	0	1	0	0	NA	NA	NA	NA
AAAAAAAAAAAATTTACTGGGGTATCATTAGAATAATAAAAACCAAATGTCAATCTTAAAAACTAGTAGAAGATAAATACATTTACTCAGAGCATAAAGCAATAAAACCTAAGCCATAGAGAAAACAACAAAAAAGGAAGAGTAAAATAGTAAGTTGTTAGATGA	AAAAAAAAAAAATTTACTGGGGTATCATTAG	human	chr7	27386367	27386531	.	165M	0	0	0	1	0	0	1.0	0.9939393939393939	1	1	ENSG00000224322.2	ENSG00000224322	lncRNA	+	NA	NA	NA	NA	0	1	0	0	NA	NA	NA	NA
TAGCGCACTACAGCCCAGAACTCCTGGGGTCACGCG	TAGCGCACTACAGCCCAGAACTCCTGGGGTC	human	chr14	49862752	49862787	.	36M	0	0	0	2	0	0	1.0	0.9444444444444444	4	2	ENSG00000282885.3	ENSG00000282885	lncRNA	-	NA	NA	NA	NA	1	0	0	0	NA	NA	7SLRNA#SINE/Alu	NC_041925   UNVERIFIED_ORG: Proteus phage VB_PmiS-Isfahan, complete genome
TAGTAGAGAGAGGGTTTCACCATGTTGGTGAGGCTGGTC	TAGTAGAGAGAGGGTTTCACCATGTTGGTGA	human	chr8	105983378	105983416	.	39M	0	0	0	0	0	0	1.0	1.0	1	0	ENSG00000251003.9	ZFPM2-AS1	lncRNA	-	NA	NA	NA	NA	0	1	0	0	NA	NA	AluSx#SINE/Alu	NC_032111   BeAn 58058 virus, complete genome
TATGTATGTATGTATTTATTTATTTATTTACATTTGGAAACAGGGTCTC	TATGTATGTATGTATTTATTTATTTATTTAC	human	chr2	117343284	117343332	.	49M	0	0	0	0	0	0	1.0	1.0	1	0	NA	NA	NA	NA	NA	NA	NA	NA	0	0	0	0	NA	NA	NA	CP149771.1 [Candida] boidinii strain CICC#33029 chromosome IV
TCAAGATGGATTAAAGACTTAAATGTTAATCCTAAAACCATAAAAACCCTAGAAGAAA	TCAAGATGGATTAAAGACTTAAATGTTAATC	human	chr7	90075892	90075949	.	58M	0	0	0	0	0	0	1.0	1.0	2	0	ENSG00000227646.7	STEAP2-AS1	lncRNA	-	NA	NA	NA	NA	0	1	0	0	NA	NA	L1P1_orf2#LINE/L1	NZ_CP007766.1 Campylobacter peloridis LMG 23910 chromosome, complete genome
TCACATTAGAATATTTTATAACTCTTTTATCCCTCCTGAACATCTGTGAACTGGAAAGAATATAGTATACTACAGAAACAATCCATTTAAAGAAAAACAATTAAAATGAAAACTACTTCCATTTCTGTGGCATAAAACTCTAATTCTCTCTCCTTTGCAATTTTATTACCAACCTGACATGATATAGTCACAGCTTCACTTACACACAATGTTAATTTTACTCATATGCTACTTAATCTTCAAAACATTGCAGAATAACATTTTTCTTTAGTAATTTATCATTTACTAGGATAAGGCAATGTGTTTAGAGGATGTTAGAGTTTTTTAAAAGTTTGCATTTATCTCAGTCCTGAAATGTGCTCTGGGTGCTATTAAAATATATCATTTATACACTTTCACATTTAACTATATTAACTATACCTTAACTAGACATTTATTAAGAGCAGCATATTTATTTCCCATTCAGGACTTTTTAAATCTGCAAAGTCAGCTCTATGGAAATGAACAATTTTTGCCGGCCTTAC	TCACATTAGAATATTTTATAACTCTTTTATC	human	chr7	27392640	27393163	.	524M	0	0	0	0	0	0	1.0	1.0	1	0	ENSG00000224322.2	ENSG00000224322	lncRNA	+	NA	NA	NA	NA	0	1	0	0	NA	NA	NA	NZ_CP162529.1 Pedobacter foliorum strain LMG 31463 chromosome, complete genome
